ID, Tiempo
1,100.000000 
2,400.000000 
3,1600.000000 
4,6400.000000 
5,25600.000000 
6,102400.000000 