ID, Tiempo
1,6400.000000 
2,3201.000000 
3,1602.000000 
4,803.000000 
5,404.000000 
6,205.000000 
7,106.000000 
8,57.000000 