ID, Tiempo
1,1.000000 
2,0.980392 
3,0.925926 
4,0.806452 
5,0.609756 
6,0.384615 
7,0.206612 
8,0.100402 