ID, Tiempo
1,25600.000000 
2,12801.000000 
3,6402.000000 
4,3203.000000 
5,1604.000000 
6,805.000000 
7,406.000000 
8,207.000000 