ID, Tiempo
1,102400.000000 
2,51201.000000 
3,25602.000000 
4,12803.000000 
5,6404.000000 
6,3205.000000 
7,1606.000000 
8,807.000000 