ID, Tiempo
1,9.756098 
2,6.896552 
3,3.846154 
4,1.980198 
5,0.997506 
6,0.499688 