ID, Tiempo
1,1600.000000 
2,801.000000 
3,402.000000 
4,203.000000 
5,104.000000 
6,55.000000 
7,31.000000 
8,19.500000 