ID, Tiempo
1,1.000000 
2,1.960784 
3,3.703704 
4,6.451613 
5,9.756098 
6,12.307693 
7,13.223141 
8,12.851406 