ID, Tiempo
1,100.000000 
2,51.000000 
3,27.000000 
4,15.500000 
5,10.250000 
6,8.125000 
7,7.562500 
8,7.781250 