ID, Tiempo
1,9.756098 
2,13.793103 
3,15.384615 
4,15.841584 
5,15.960100 
6,15.990006 