ID, Tiempo
1,400.000000 
2,201.000000 
3,102.000000 
4,53.000000 
5,29.000000 
6,17.500000 
7,12.250000 
8,10.125000 